{"stat.flowerPotted":1,"stat.flyOneCm":39703,"stat.walkOneCm":5216,"stat.drop":3,"stat.pickup.pebbles_mod.pebble":1,"stat.jump":41,"stat.pickup.minecraft.egg":1,"stat.playOneMinute":4915,"stat.useItem.minecraft.egg":89,"stat.pickup.minecraft.red_flower":1,"stat.leaveGame":1,"stat.sneakTime":304,"stat.damageDealt":20,"stat.crouchOneCm":1212,"stat.timeSinceDeath":4915,"stat.drop.pebbles_mod.pebble":3,"stat.sprintOneCm":3524,"stat.useItem.minecraft.stone_slab2":1,"stat.pickup.minecraft.flower_pot":1}